{"cameraMode":{"drawMode":0,"name":"Shaded","section":"Shading Mode"},"sceneLighting":true,"audioPlay":false,"sceneViewState":{"m_AlwaysRefresh":false,"showFog":true,"showSkybox":false,"showFlares":true,"showImageEffects":true,"showParticleSystems":true,"showVisualEffectGraphs":true,"m_FxEnabled":true},"in2DMode":false,"pivot":{"x":17.492643356323243,"y":-11.606338500976563,"z":30.182777404785158},"rotation":{"x":0.0014520513359457255,"y":-0.9418783783912659,"z":0.3372287154197693,"w":0.006180963013321161},"size":12.124356269836426,"orthographic":false}